year,firstname,sex
2007,ALEXIS,M
2007,ALEXIS,M
2007,ALEXIS,M
2007,ALEXIS,M
2007,ALEXIS,M
2007,ALEXIS,M
2007,ALEXIS,M
2007,ALEXIS,M
2007,ALEXIS,M
2007,ALEXIS,M
2007,ALEXIS,M
2007,ALEXIS,M
2007,ALEXIS,M
2007,ALEXIS,M
2007,ALEXIS,M
2007,ALEXIS,M
2007,ALEXIS,M
2007,ALEXIS,M
2007,ALEXIS,M
2007,ALEXIS,M
2007,ALEXIS,M
2007,ALEXIS,M
2007,ALEXIS,M
2007,ALEXIS,M
2007,ALEXIS,M
2007,ALEXIS,M
2007,ALEXIS,M
2007,ALEXIS,M
2007,ALEXIS,M
2007,ALEXIS,M
2007,ALEXIS,M
2007,ALEXIS,M
2007,ALEXIS,M
2007,ALEXIS,M
2007,ALEXIS,M
2007,ALEXIS,M
2007,ALEXIS,M
2007,ALEXIS,M
2007,ALEXIS,M
2007,ALEXIS,M
2007,ALEXIS,M
2007,ALEXIS,M
2007,ALEXIS,M
2007,ALEXIS,M
2007,ALEXIS,M
2007,ALEXIS,M
2007,ALEXIS,M
2007,ALEXIS,M
2007,ALEXIS,M
2007,ALEXIS,M
2007,ALEXIS,M
2007,ALEXIS,M
2007,ALEXIS,M
2007,ALEXIS,M
2007,ALEXIS,M
2007,ALEXIS,M
2007,ALEXIS,M
2007,ALEXIS,M
2007,ALEXIS,M
2007,ALEXIS,M
2007,ALEXIS,M
2007,ALEXIS,M
2007,ALEXIS,M
2007,ALEXIS,M
2007,ALEXIS,M
2007,ALEXIS,M
2007,ALEXIS,M
2007,ALEXIS,M
2007,ALEXIS,M
2007,ALEXIS,M
2007,ALEXIS,M
2007,ALEXIS,M
2007,ALEXIS,M
2007,ALEXIS,M
2007,ALEXIS,M
2007,ALEXIS,M
2007,ALEXIS,M
2007,ALEXIS,M
2007,ALEXIS,M
2007,ALEXIS,M
2007,ALEXIS,M
2007,ALEXIS,M
2007,ALEXIS,M
2007,ALEXIS,M
2007,ALEXIS,M
2007,ALEXIS,M
2007,ALEXIS,M
2007,ALEXIS,M
2007,ALEXIS,M
2007,ALEXIS,M
2007,ALEXIS,M
2007,ALEXIS,M
2007,ALEXIS,M
2007,ALEXIS,M
2007,ALEXIS,M
2007,ALEXIS,M
2007,ALEXIS,M
2007,ALEXIS,M
2007,ALEXIS,M
2007,ALEXIS,M
2007,ALEXIS,M
2007,ALEXIS,M
2007,ALEXIS,M
2007,ALEXIS,M
2007,ALEXIS,M
2007,ALEXIS,M
2007,ALEXIS,M
2007,ALEXIS,M
2007,ALEXIS,M
2007,ALEXIS,M
2007,ALEXIS,M
2007,ALEXIS,M
2007,ALEXIS,M
2007,ALEXIS,M
2007,ALEXIS,M
2007,ALEXIS,M
2007,ALEXIS,F
2007,ALEXIS,F
2007,ALEXIS,F
2007,ALEXIS,F
2007,ALEXIS,F
2007,ALEXIS,F
2007,ALEXIS,F
2007,ALEXIS,F
2007,ALEXIS,F
2007,ALEXIS,F
2007,ALEXIS,F
2007,ALEXIS,F
2007,ALEXIS,F
2007,ALEXIS,F
2007,ALEXIS,F
2007,ALEXIS,F
2007,ALEXIS,F
2007,ALEXIS,F
2007,ALEXIS,F
2007,ALEXIS,F
2007,ALEXIS,F
2007,ALEXIS,F
2007,ALEXIS,F
2007,ALEXIS,F
2007,ALEXIS,F
2007,ALEXIS,F
2007,ALEXIS,F
2007,ALEXIS,F
2007,ALEXIS,F
2007,ALEXIS,F
2007,ALEXIS,F
2007,ALEXIS,F
2007,ALEXIS,F
2007,ALEXIS,F
2007,ALEXIS,F
2007,ALEXIS,F
2007,ALEXIS,F
2007,ALEXIS,F
2007,ALEXIS,F
2007,ALEXIS,F
2007,ALEXIS,F
2007,ALEXIS,F
2007,ALEXIS,F
2007,ALEXIS,F
2007,ALEXIS,F
2007,ALEXIS,F
2007,ALEXIS,F
2007,ALEXIS,F
2007,ALEXIS,F
2007,ALEXIS,F
2007,ALEXIS,F
2007,ALEXIS,F
2007,ALEXIS,F
2007,ALEXIS,F
2007,ALEXIS,F
2007,ALEXIS,F
2007,ALEXIS,F
2007,ALEXIS,F
2007,ALEXIS,F
2007,ALEXIS,F
2007,ALEXIS,F
2007,ALEXIS,F
2007,ALEXIS,F
2007,ALEXIS,F
2007,ALEXIS,F
2007,ALEXIS,F
2007,ALEXIS,F
2007,ALEXIS,F
2007,ALEXIS,F
2007,ALEXIS,F
2007,ALEXIS,F
2007,ALEXIS,F
2007,ALEXIS,F
2007,ALEXIS,F
2007,ALEXIS,F
2007,ALEXIS,F
2007,ALEXIS,F
2007,ALEXIS,F
2007,ALEXIS,F
2007,ALEXIS,F
2007,ALEXIS,F
2007,ALEXIS,F
2007,ALEXIS,F
2007,ALEXIS,F
2007,ALEXIS,F
2007,ALEXIS,F
2007,ALEXIS,F
2007,ALEXIS,F
2007,ALEXIS,F
2007,ALEXIS,F
2007,ALEXIS,F
2007,ALEXIS,F
2007,ALEXIS,F
2007,ALEXIS,F
2007,ALEXIS,F
2007,ALEXIS,F
2007,ALEXIS,F
2007,ALEXIS,F
2007,ALEXIS,F
2007,ALEXIS,F
2007,ALEXIS,F
2007,ALEXIS,F
2007,ALEXIS,F
2007,ALEXIS,F
2007,ALEXIS,F
2007,ALEXIS,F
2007,ALEXIS,F
2007,ALEXIS,F
2007,ALEXIS,F
2007,ALEXIS,F
2007,ALEXIS,F
2007,ALEXIS,F
2007,ALEXIS,F
2007,ALEXIS,F
2007,ALEXIS,F
2007,ALEXIS,F
2007,ALEXIS,F
2007,ALEXIS,F
2007,ALEXIS,F
2007,ALEXIS,F
2007,ALEXIS,F
2007,ALEXIS,F
2007,ALEXIS,F
2007,ALEXIS,F
2007,ALEXIS,F
2007,ALEXIS,F
2007,ALEXIS,F
2007,ALEXIS,F
2007,ALEXIS,F
2007,ALEXIS,F
2007,ALEXIS,F
2007,ALEXIS,F
2007,ALEXIS,F
2007,ALEXIS,F
2007,ALEXIS,F
2007,ALEXIS,F
2007,ALEXIS,F
2007,ALEXIS,F
2007,ALEXIS,F
2007,ALEXIS,F
2007,ALEXIS,F
2007,ALEXIS,F
2007,ALEXIS,F
2007,ALEXIS,F
2007,ALEXIS,F
2007,ALEXIS,F
2007,ALEXIS,F
2007,ALEXIS,F
2007,ALEXIS,F
2007,ALEXIS,F
2007,ALEXIS,F
2007,ALEXIS,F
2007,ALEXIS,F
2007,ALEXIS,F
2007,ALEXIS,F
2007,ALEXIS,F
2007,ALEXIS,F
2007,ALEXIS,F
2007,ALEXIS,F
2007,ALEXIS,F
2007,ALEXIS,F
2007,ALEXIS,F
2007,ALEXIS,F
2007,ALEXIS,F
2007,ALEXIS,F
2007,ALEXIS,F
2007,ALEXIS,F
2007,ALEXIS,F
2007,ALEXIS,F
2007,ALEXIS,F
2007,ALEXIS,F
2007,ALEXIS,F
2007,ALEXIS,F
2007,ALEXIS,F
2007,ALEXIS,F
2007,ALEXIS,F
2007,ALEXIS,F
2007,ALEXIS,F
2007,ALEXIS,F
2007,ALEXIS,F
2007,ALEXIS,F
2007,ALEXIS,F
2007,ALEXIS,F
2007,ALEXIS,F
2007,ALEXIS,F
2007,ALEXIS,F
2007,ALEXIS,F
2007,ALEXIS,F
2007,ALEXIS,F
2007,ALEXIS,F
2007,ALEXIS,F
2007,ALEXIS,F
2007,ALEXIS,F
2007,ALEXIS,F
2007,ALEXIS,F
2007,ALEXIS,F
2007,ALEXIS,F
2007,ALEXIS,F
2007,ALEXIS,F
2007,ALEXIS,F
2007,ALEXIS,F
2007,ALEXIS,F
2007,ALEXIS,F
2007,ALEXIS,F
2007,ALEXIS,F
2007,ALEXIS,F
2007,ALEXIS,F
2007,ALEXIS,F
2007,ALEXIS,F
2007,ALEXIS,F
2007,ALEXIS,F
2007,ALEXIS,F
2007,ALEXIS,F
2007,ALEXIS,F
2007,ALEXIS,F
2007,ALEXIS,F
2007,ALEXIS,F
2007,ALEXIS,F
2007,ALEXIS,F
2007,ALEXIS,F
2007,ALEXIS,F
2007,ALEXIS,F
2007,ALEXIS,F
2007,ALEXIS,F
2007,ALEXIS,F
2007,ALEXIS,F
2007,ALEXIS,F
2007,ALEXIS,F
2007,ALEXIS,F
2007,ALEXIS,F
2007,ALEXIS,F
2007,ALEXIS,F
2007,ALEXIS,F
2007,ALEXIS,F
2007,ALEXIS,F
2007,ALEXIS,F
2007,ALEXIS,F
2007,ALEXIS,F
2007,ALEXIS,F
2007,ALEXIS,F
2007,ALEXIS,F
2007,ALEXIS,F
2007,ALEXIS,F
2007,ALEXIS,F
2007,ALEXIS,F
2007,ALEXIS,F
2007,ALEXIS,F
2007,ALEXIS,F
2007,ALEXIS,F
2007,ALEXIS,F
2007,ALEXIS,F
2007,ALEXIS,F
2007,ALEXIS,F
2007,ALEXIS,F
2007,ALEXIS,F
2007,ALEXIS,F
2007,ALEXIS,F
2007,ALEXIS,F
2007,ALEXIS,F
2007,ALEXIS,F
2007,ALEXIS,F
2007,ALEXIS,F
2007,ALEXIS,F
2007,ALEXIS,F
2007,ALEXIS,F
2007,ALEXIS,F
2007,ALEXIS,F
2007,ALEXIS,F
2007,ALEXIS,F
2007,ALEXIS,F
2007,ALEXIS,F
2007,ALEXIS,F
2007,ALEXIS,F
2007,ALEXIS,F
2007,ALEXIS,F
2007,ALEXIS,F
2007,ALEXIS,F
2007,ALEXIS,F
2007,ALEXIS,F
2007,ALEXIS,F
2007,ALEXIS,F
2007,ALEXIS,F
2007,ALEXIS,F
2007,ALEXIS,F
2007,ALEXIS,F
2007,ALEXIS,F
2007,ALEXIS,F
2007,ALEXIS,F
2007,ALEXIS,F
2007,ALEXIS,F
2007,ALEXIS,F
2007,ALEXIS,F
2007,ALEXIS,F
2007,ALEXIS,F
2007,ALEXIS,F
2007,ALEXIS,F
2007,ALEXIS,F
2007,ALEXIS,F
2007,ALEXIS,F
2007,ALEXIS,F
2007,ALEXIS,F
2007,ALEXIS,F
2007,ALEXIS,F
2008,ALEXIS,M
2008,ALEXIS,M
2008,ALEXIS,M
2008,ALEXIS,M
2008,ALEXIS,M
2008,ALEXIS,M
2008,ALEXIS,M
2008,ALEXIS,M
2008,ALEXIS,M
2008,ALEXIS,M
2008,ALEXIS,M
2008,ALEXIS,M
2008,ALEXIS,M
2008,ALEXIS,M
2008,ALEXIS,M
2008,ALEXIS,M
2008,ALEXIS,M
2008,ALEXIS,M
2008,ALEXIS,M
2008,ALEXIS,M
2008,ALEXIS,M
2008,ALEXIS,M
2008,ALEXIS,M
2008,ALEXIS,M
2008,ALEXIS,M
2008,ALEXIS,M
2008,ALEXIS,M
2008,ALEXIS,M
2008,ALEXIS,M
2008,ALEXIS,M
2008,ALEXIS,M
2008,ALEXIS,M
2008,ALEXIS,M
2008,ALEXIS,M
2008,ALEXIS,M
2008,ALEXIS,M
2008,ALEXIS,M
2008,ALEXIS,M
2008,ALEXIS,M
2008,ALEXIS,M
2008,ALEXIS,M
2008,ALEXIS,M
2008,ALEXIS,M
2008,ALEXIS,M
2008,ALEXIS,M
2008,ALEXIS,M
2008,ALEXIS,M
2008,ALEXIS,M
2008,ALEXIS,M
2008,ALEXIS,M
2008,ALEXIS,M
2008,ALEXIS,M
2008,ALEXIS,M
2008,ALEXIS,M
2008,ALEXIS,M
2008,ALEXIS,M
2008,ALEXIS,M
2008,ALEXIS,M
2008,ALEXIS,M
2008,ALEXIS,M
2008,ALEXIS,M
2008,ALEXIS,M
2008,ALEXIS,M
2008,ALEXIS,M
2008,ALEXIS,M
2008,ALEXIS,M
2008,ALEXIS,M
2008,ALEXIS,M
2008,ALEXIS,M
2008,ALEXIS,M
2008,ALEXIS,M
2008,ALEXIS,M
2008,ALEXIS,M
2008,ALEXIS,M
2008,ALEXIS,M
2008,ALEXIS,M
2008,ALEXIS,M
2008,ALEXIS,M
2008,ALEXIS,M
2008,ALEXIS,M
2008,ALEXIS,M
2008,ALEXIS,M
2008,ALEXIS,M
2008,ALEXIS,M
2008,ALEXIS,M
2008,ALEXIS,M
2008,ALEXIS,M
2008,ALEXIS,M
2008,ALEXIS,M
2008,ALEXIS,M
2008,ALEXIS,M
2008,ALEXIS,M
2008,ALEXIS,M
2008,ALEXIS,M
2008,ALEXIS,M
2008,ALEXIS,M
2008,ALEXIS,M
2008,ALEXIS,M
2008,ALEXIS,M
2008,ALEXIS,M
2008,ALEXIS,M
2008,ALEXIS,F
2008,ALEXIS,F
2008,ALEXIS,F
2008,ALEXIS,F
2008,ALEXIS,F
2008,ALEXIS,F
2008,ALEXIS,F
2008,ALEXIS,F
2008,ALEXIS,F
2008,ALEXIS,F
2008,ALEXIS,F
2008,ALEXIS,F
2008,ALEXIS,F
2008,ALEXIS,F
2008,ALEXIS,F
2008,ALEXIS,F
2008,ALEXIS,F
2008,ALEXIS,F
2008,ALEXIS,F
2008,ALEXIS,F
2008,ALEXIS,F
2008,ALEXIS,F
2008,ALEXIS,F
2008,ALEXIS,F
2008,ALEXIS,F
2008,ALEXIS,F
2008,ALEXIS,F
2008,ALEXIS,F
2008,ALEXIS,F
2008,ALEXIS,F
2008,ALEXIS,F
2008,ALEXIS,F
2008,ALEXIS,F
2008,ALEXIS,F
2008,ALEXIS,F
2008,ALEXIS,F
2008,ALEXIS,F
2008,ALEXIS,F
2008,ALEXIS,F
2008,ALEXIS,F
2008,ALEXIS,F
2008,ALEXIS,F
2008,ALEXIS,F
2008,ALEXIS,F
2008,ALEXIS,F
2008,ALEXIS,F
2008,ALEXIS,F
2008,ALEXIS,F
2008,ALEXIS,F
2008,ALEXIS,F
2008,ALEXIS,F
2008,ALEXIS,F
2008,ALEXIS,F
2008,ALEXIS,F
2008,ALEXIS,F
2008,ALEXIS,F
2008,ALEXIS,F
2008,ALEXIS,F
2008,ALEXIS,F
2008,ALEXIS,F
2008,ALEXIS,F
2008,ALEXIS,F
2008,ALEXIS,F
2008,ALEXIS,F
2008,ALEXIS,F
2008,ALEXIS,F
2008,ALEXIS,F
2008,ALEXIS,F
2008,ALEXIS,F
2008,ALEXIS,F
2008,ALEXIS,F
2008,ALEXIS,F
2008,ALEXIS,F
2008,ALEXIS,F
2008,ALEXIS,F
2008,ALEXIS,F
2008,ALEXIS,F
2008,ALEXIS,F
2008,ALEXIS,F
2008,ALEXIS,F
2008,ALEXIS,F
2008,ALEXIS,F
2008,ALEXIS,F
2008,ALEXIS,F
2008,ALEXIS,F
2008,ALEXIS,F
2008,ALEXIS,F
2008,ALEXIS,F
2008,ALEXIS,F
2008,ALEXIS,F
2008,ALEXIS,F
2008,ALEXIS,F
2008,ALEXIS,F
2008,ALEXIS,F
2008,ALEXIS,F
2008,ALEXIS,F
2008,ALEXIS,F
2008,ALEXIS,F
2008,ALEXIS,F
2008,ALEXIS,F
2008,ALEXIS,F
2008,ALEXIS,F
2008,ALEXIS,F
2008,ALEXIS,F
2008,ALEXIS,F
2008,ALEXIS,F
2008,ALEXIS,F
2008,ALEXIS,F
2008,ALEXIS,F
2008,ALEXIS,F
2008,ALEXIS,F
2008,ALEXIS,F
2008,ALEXIS,F
2008,ALEXIS,F
2008,ALEXIS,F
2008,ALEXIS,F
2008,ALEXIS,F
2008,ALEXIS,F
2008,ALEXIS,F
2008,ALEXIS,F
2008,ALEXIS,F
2008,ALEXIS,F
2008,ALEXIS,F
2008,ALEXIS,F
2008,ALEXIS,F
2008,ALEXIS,F
2008,ALEXIS,F
2008,ALEXIS,F
2008,ALEXIS,F
2008,ALEXIS,F
2008,ALEXIS,F
2008,ALEXIS,F
2008,ALEXIS,F
2008,ALEXIS,F
2008,ALEXIS,F
2008,ALEXIS,F
2008,ALEXIS,F
2008,ALEXIS,F
2008,ALEXIS,F
2008,ALEXIS,F
2008,ALEXIS,F
2008,ALEXIS,F
2008,ALEXIS,F
2008,ALEXIS,F
2008,ALEXIS,F
2008,ALEXIS,F
2008,ALEXIS,F
2008,ALEXIS,F
2008,ALEXIS,F
2008,ALEXIS,F
2008,ALEXIS,F
2008,ALEXIS,F
2008,ALEXIS,F
2008,ALEXIS,F
2008,ALEXIS,F
2008,ALEXIS,F
2008,ALEXIS,F
2008,ALEXIS,F
2008,ALEXIS,F
2008,ALEXIS,F
2008,ALEXIS,F
2008,ALEXIS,F
2008,ALEXIS,F
2008,ALEXIS,F
2008,ALEXIS,F
2008,ALEXIS,F
2008,ALEXIS,F
2008,ALEXIS,F
2008,ALEXIS,F
2008,ALEXIS,F
2008,ALEXIS,F
2008,ALEXIS,F
2008,ALEXIS,F
2008,ALEXIS,F
2008,ALEXIS,F
2008,ALEXIS,F
2008,ALEXIS,F
2008,ALEXIS,F
2008,ALEXIS,F
2008,ALEXIS,F
2008,ALEXIS,F
2008,ALEXIS,F
2008,ALEXIS,F
2008,ALEXIS,F
2008,ALEXIS,F
2008,ALEXIS,F
2008,ALEXIS,F
2008,ALEXIS,F
2008,ALEXIS,F
2008,ALEXIS,F
2008,ALEXIS,F
2008,ALEXIS,F
2008,ALEXIS,F
2008,ALEXIS,F
2008,ALEXIS,F
2008,ALEXIS,F
2008,ALEXIS,F
2008,ALEXIS,F
2008,ALEXIS,F
2008,ALEXIS,F
2008,ALEXIS,F
2008,ALEXIS,F
2008,ALEXIS,F
2008,ALEXIS,F
2008,ALEXIS,F
2008,ALEXIS,F
2008,ALEXIS,F
2008,ALEXIS,F
2008,ALEXIS,F
2008,ALEXIS,F
2008,ALEXIS,F
2008,ALEXIS,F
2008,ALEXIS,F
2008,ALEXIS,F
2008,ALEXIS,F
2008,ALEXIS,F
2008,ALEXIS,F
2008,ALEXIS,F
2008,ALEXIS,F
2008,ALEXIS,F
2008,ALEXIS,F
2008,ALEXIS,F
2008,ALEXIS,F
2008,ALEXIS,F
2008,ALEXIS,F
2008,ALEXIS,F
2008,ALEXIS,F
2008,ALEXIS,F
2008,ALEXIS,F
2008,ALEXIS,F
2008,ALEXIS,F
2008,ALEXIS,F
2008,ALEXIS,F
2008,ALEXIS,F
2008,ALEXIS,F
2008,ALEXIS,F
2008,ALEXIS,F
2008,ALEXIS,F
2008,ALEXIS,F
2008,ALEXIS,F
2008,ALEXIS,F
2008,ALEXIS,F
2008,ALEXIS,F
2008,ALEXIS,F
2008,ALEXIS,F
2008,ALEXIS,F
2008,ALEXIS,F
2008,ALEXIS,F
2008,ALEXIS,F
2008,ALEXIS,F
2008,ALEXIS,F
2008,ALEXIS,F
2008,ALEXIS,F
2008,ALEXIS,F
2008,ALEXIS,F
2008,ALEXIS,F
2008,ALEXIS,F
2008,ALEXIS,F
2008,ALEXIS,F
2008,ALEXIS,F
2008,ALEXIS,F
2008,ALEXIS,F
2008,ALEXIS,F
2008,ALEXIS,F
2008,ALEXIS,F
2008,ALEXIS,F
2008,ALEXIS,F
2008,ALEXIS,F
2008,ALEXIS,F
2008,ALEXIS,F
2008,ALEXIS,F
2008,ALEXIS,F
2008,ALEXIS,F
2008,ALEXIS,F
2008,ALEXIS,F
2008,ALEXIS,F
2008,ALEXIS,F
2008,ALEXIS,F
2008,ALEXIS,F
2008,ALEXIS,F
2008,ALEXIS,F
2008,ALEXIS,F
2008,ALEXIS,F
2008,ALEXIS,F
2008,ALEXIS,F
2008,ALEXIS,F
2008,ALEXIS,F
2008,ALEXIS,F
2008,ALEXIS,F
2008,ALEXIS,F
2008,ALEXIS,F
2008,ALEXIS,F
2008,ALEXIS,F
2008,ALEXIS,F
2008,ALEXIS,F
2008,ALEXIS,F
2008,ALEXIS,F
2008,ALEXIS,F
2008,ALEXIS,F
2008,ALEXIS,F
2008,ALEXIS,F
2008,ALEXIS,F
2008,ALEXIS,F
2008,ALEXIS,F
2008,ALEXIS,F
2008,ALEXIS,F
2008,ALEXIS,F
2008,ALEXIS,F
2008,ALEXIS,F
2008,ALEXIS,F
2008,ALEXIS,F
2008,ALEXIS,F
2008,ALEXIS,F
2008,ALEXIS,F
2008,ALEXIS,F
2008,ALEXIS,F
2008,ALEXIS,F
2009,ALEXIS,M
2009,ALEXIS,M
2009,ALEXIS,M
2009,ALEXIS,M
2009,ALEXIS,M
2009,ALEXIS,M
2009,ALEXIS,M
2009,ALEXIS,M
2009,ALEXIS,M
2009,ALEXIS,M
2009,ALEXIS,M
2009,ALEXIS,M
2009,ALEXIS,M
2009,ALEXIS,M
2009,ALEXIS,M
2009,ALEXIS,M
2009,ALEXIS,M
2009,ALEXIS,M
2009,ALEXIS,M
2009,ALEXIS,M
2009,ALEXIS,M
2009,ALEXIS,M
2009,ALEXIS,M
2009,ALEXIS,M
2009,ALEXIS,M
2009,ALEXIS,M
2009,ALEXIS,M
2009,ALEXIS,M
2009,ALEXIS,M
2009,ALEXIS,M
2009,ALEXIS,M
2009,ALEXIS,M
2009,ALEXIS,M
2009,ALEXIS,M
2009,ALEXIS,M
2009,ALEXIS,M
2009,ALEXIS,M
2009,ALEXIS,M
2009,ALEXIS,M
2009,ALEXIS,M
2009,ALEXIS,M
2009,ALEXIS,M
2009,ALEXIS,M
2009,ALEXIS,M
2009,ALEXIS,M
2009,ALEXIS,M
2009,ALEXIS,M
2009,ALEXIS,M
2009,ALEXIS,M
2009,ALEXIS,M
2009,ALEXIS,M
2009,ALEXIS,M
2009,ALEXIS,M
2009,ALEXIS,M
2009,ALEXIS,M
2009,ALEXIS,M
2009,ALEXIS,M
2009,ALEXIS,M
2009,ALEXIS,M
2009,ALEXIS,M
2009,ALEXIS,M
2009,ALEXIS,M
2009,ALEXIS,M
2009,ALEXIS,M
2009,ALEXIS,M
2009,ALEXIS,M
2009,ALEXIS,M
2009,ALEXIS,M
2009,ALEXIS,M
2009,ALEXIS,M
2009,ALEXIS,M
2009,ALEXIS,M
2009,ALEXIS,M
2009,ALEXIS,M
2009,ALEXIS,M
2009,ALEXIS,M
2009,ALEXIS,M
2009,ALEXIS,M
2009,ALEXIS,M
2009,ALEXIS,M
2009,ALEXIS,F
2009,ALEXIS,F
2009,ALEXIS,F
2009,ALEXIS,F
2009,ALEXIS,F
2009,ALEXIS,F
2009,ALEXIS,F
2009,ALEXIS,F
2009,ALEXIS,F
2009,ALEXIS,F
2009,ALEXIS,F
2009,ALEXIS,F
2009,ALEXIS,F
2009,ALEXIS,F
2009,ALEXIS,F
2009,ALEXIS,F
2009,ALEXIS,F
2009,ALEXIS,F
2009,ALEXIS,F
2009,ALEXIS,F
2009,ALEXIS,F
2009,ALEXIS,F
2009,ALEXIS,F
2009,ALEXIS,F
2009,ALEXIS,F
2009,ALEXIS,F
2009,ALEXIS,F
2009,ALEXIS,F
2009,ALEXIS,F
2009,ALEXIS,F
2009,ALEXIS,F
2009,ALEXIS,F
2009,ALEXIS,F
2009,ALEXIS,F
2009,ALEXIS,F
2009,ALEXIS,F
2009,ALEXIS,F
2009,ALEXIS,F
2009,ALEXIS,F
2009,ALEXIS,F
2009,ALEXIS,F
2009,ALEXIS,F
2009,ALEXIS,F
2009,ALEXIS,F
2009,ALEXIS,F
2009,ALEXIS,F
2009,ALEXIS,F
2009,ALEXIS,F
2009,ALEXIS,F
2009,ALEXIS,F
2009,ALEXIS,F
2009,ALEXIS,F
2009,ALEXIS,F
2009,ALEXIS,F
2009,ALEXIS,F
2009,ALEXIS,F
2009,ALEXIS,F
2009,ALEXIS,F
2009,ALEXIS,F
2009,ALEXIS,F
2009,ALEXIS,F
2009,ALEXIS,F
2009,ALEXIS,F
2009,ALEXIS,F
2009,ALEXIS,F
2009,ALEXIS,F
2009,ALEXIS,F
2009,ALEXIS,F
2009,ALEXIS,F
2009,ALEXIS,F
2009,ALEXIS,F
2009,ALEXIS,F
2009,ALEXIS,F
2009,ALEXIS,F
2009,ALEXIS,F
2009,ALEXIS,F
2009,ALEXIS,F
2009,ALEXIS,F
2009,ALEXIS,F
2009,ALEXIS,F
2009,ALEXIS,F
2009,ALEXIS,F
2009,ALEXIS,F
2009,ALEXIS,F
2009,ALEXIS,F
2009,ALEXIS,F
2009,ALEXIS,F
2009,ALEXIS,F
2009,ALEXIS,F
2009,ALEXIS,F
2009,ALEXIS,F
2009,ALEXIS,F
2009,ALEXIS,F
2009,ALEXIS,F
2009,ALEXIS,F
2009,ALEXIS,F
2009,ALEXIS,F
2009,ALEXIS,F
2009,ALEXIS,F
2009,ALEXIS,F
2009,ALEXIS,F
2009,ALEXIS,F
2009,ALEXIS,F
2009,ALEXIS,F
2009,ALEXIS,F
2009,ALEXIS,F
2009,ALEXIS,F
2009,ALEXIS,F
2009,ALEXIS,F
2009,ALEXIS,F
2009,ALEXIS,F
2009,ALEXIS,F
2009,ALEXIS,F
2009,ALEXIS,F
2009,ALEXIS,F
2009,ALEXIS,F
2009,ALEXIS,F
2009,ALEXIS,F
2009,ALEXIS,F
2009,ALEXIS,F
2009,ALEXIS,F
2009,ALEXIS,F
2009,ALEXIS,F
2009,ALEXIS,F
2009,ALEXIS,F
2009,ALEXIS,F
2009,ALEXIS,F
2009,ALEXIS,F
2009,ALEXIS,F
2009,ALEXIS,F
2009,ALEXIS,F
2009,ALEXIS,F
2009,ALEXIS,F
2009,ALEXIS,F
2009,ALEXIS,F
2009,ALEXIS,F
2009,ALEXIS,F
2009,ALEXIS,F
2009,ALEXIS,F
2009,ALEXIS,F
2009,ALEXIS,F
2009,ALEXIS,F
2009,ALEXIS,F
2009,ALEXIS,F
2009,ALEXIS,F
2009,ALEXIS,F
2009,ALEXIS,F
2009,ALEXIS,F
2009,ALEXIS,F
2009,ALEXIS,F
2009,ALEXIS,F
2009,ALEXIS,F
2009,ALEXIS,F
2009,ALEXIS,F
2009,ALEXIS,F
2009,ALEXIS,F
2009,ALEXIS,F
2009,ALEXIS,F
2009,ALEXIS,F
2009,ALEXIS,F
2009,ALEXIS,F
2009,ALEXIS,F
2009,ALEXIS,F
2009,ALEXIS,F
2009,ALEXIS,F
2009,ALEXIS,F
2009,ALEXIS,F
2009,ALEXIS,F
2009,ALEXIS,F
2009,ALEXIS,F
2009,ALEXIS,F
2009,ALEXIS,F
2009,ALEXIS,F
2009,ALEXIS,F
2009,ALEXIS,F
2009,ALEXIS,F
2009,ALEXIS,F
2009,ALEXIS,F
2009,ALEXIS,F
2009,ALEXIS,F
2009,ALEXIS,F
2009,ALEXIS,F
2009,ALEXIS,F
2009,ALEXIS,F
2009,ALEXIS,F
2009,ALEXIS,F
2009,ALEXIS,F
2009,ALEXIS,F
2009,ALEXIS,F
2009,ALEXIS,F
2009,ALEXIS,F
2009,ALEXIS,F
2009,ALEXIS,F
2009,ALEXIS,F
2009,ALEXIS,F
2009,ALEXIS,F
2009,ALEXIS,F
2009,ALEXIS,F
2009,ALEXIS,F
2009,ALEXIS,F
2009,ALEXIS,F
2009,ALEXIS,F
2009,ALEXIS,F
2009,ALEXIS,F
2009,ALEXIS,F
2009,ALEXIS,F
2009,ALEXIS,F
2009,ALEXIS,F
2009,ALEXIS,F
2009,ALEXIS,F
2009,ALEXIS,F
2009,ALEXIS,F
2009,ALEXIS,F
2009,ALEXIS,F
2009,ALEXIS,F
2009,ALEXIS,F
2009,ALEXIS,F
2009,ALEXIS,F
2009,ALEXIS,F
2009,ALEXIS,F
2009,ALEXIS,F
2009,ALEXIS,F
2009,ALEXIS,F
2009,ALEXIS,F
2009,ALEXIS,F
2009,ALEXIS,F
2009,ALEXIS,F
2009,ALEXIS,F
2009,ALEXIS,F
2009,ALEXIS,F
2009,ALEXIS,F
2009,ALEXIS,F
2009,ALEXIS,F
2009,ALEXIS,F
2009,ALEXIS,F
2009,ALEXIS,F
2009,ALEXIS,F
2009,ALEXIS,F
2009,ALEXIS,F
2009,ALEXIS,F
2009,ALEXIS,F
2009,ALEXIS,F
2009,ALEXIS,F
2009,ALEXIS,F
2009,ALEXIS,F
2009,ALEXIS,F
2009,ALEXIS,F
2009,ALEXIS,F
2009,ALEXIS,F
2009,ALEXIS,F
2009,ALEXIS,F
2009,ALEXIS,F
2009,ALEXIS,F
2009,ALEXIS,F
2009,ALEXIS,F
2009,ALEXIS,F
2009,ALEXIS,F
2009,ALEXIS,F
2009,ALEXIS,F
2009,ALEXIS,F
2009,ALEXIS,F
2009,ALEXIS,F
2009,ALEXIS,F
2009,ALEXIS,F
2009,ALEXIS,F
2009,ALEXIS,F
2009,ALEXIS,F
2009,ALEXIS,F
2009,ALEXIS,F
2009,ALEXIS,F
2009,ALEXIS,F
2009,ALEXIS,F
2009,ALEXIS,F
2009,ALEXIS,F
2009,ALEXIS,F
2009,ALEXIS,F
2009,ALEXIS,F
2009,ALEXIS,F
2009,ALEXIS,F
2009,ALEXIS,F
2009,ALEXIS,F
2009,ALEXIS,F
2009,ALEXIS,F
2009,ALEXIS,F
2009,ALEXIS,F
2009,ALEXIS,F
2009,ALEXIS,F
2009,ALEXIS,F
2009,ALEXIS,F
2009,ALEXIS,F
2009,ALEXIS,F
2009,ALEXIS,F
2009,ALEXIS,F
2009,ALEXIS,F
2009,ALEXIS,F
2009,ALEXIS,F
2009,ALEXIS,F
2009,ALEXIS,F
2009,ALEXIS,F
2009,ALEXIS,F
2009,ALEXIS,F
2009,ALEXIS,F
2009,ALEXIS,F
2009,ALEXIS,F
2009,ALEXIS,F
2009,ALEXIS,F
2009,ALEXIS,F
2009,ALEXIS,F
2009,ALEXIS,F
2009,ALEXIS,F
2009,ALEXIS,F
2009,ALEXIS,F
2009,ALEXIS,F
2009,ALEXIS,F
2010,ALEXIS,M
2010,ALEXIS,M
2010,ALEXIS,M
2010,ALEXIS,M
2010,ALEXIS,M
2010,ALEXIS,M
2010,ALEXIS,M
2010,ALEXIS,M
2010,ALEXIS,M
2010,ALEXIS,M
2010,ALEXIS,M
2010,ALEXIS,M
2010,ALEXIS,M
2010,ALEXIS,M
2010,ALEXIS,M
2010,ALEXIS,M
2010,ALEXIS,M
2010,ALEXIS,M
2010,ALEXIS,M
2010,ALEXIS,M
2010,ALEXIS,M
2010,ALEXIS,M
2010,ALEXIS,M
2010,ALEXIS,M
2010,ALEXIS,M
2010,ALEXIS,M
2010,ALEXIS,M
2010,ALEXIS,M
2010,ALEXIS,M
2010,ALEXIS,M
2010,ALEXIS,M
2010,ALEXIS,M
2010,ALEXIS,M
2010,ALEXIS,M
2010,ALEXIS,M
2010,ALEXIS,M
2010,ALEXIS,M
2010,ALEXIS,M
2010,ALEXIS,M
2010,ALEXIS,M
2010,ALEXIS,M
2010,ALEXIS,M
2010,ALEXIS,M
2010,ALEXIS,M
2010,ALEXIS,M
2010,ALEXIS,M
2010,ALEXIS,M
2010,ALEXIS,M
2010,ALEXIS,M
2010,ALEXIS,F
2010,ALEXIS,F
2010,ALEXIS,F
2010,ALEXIS,F
2010,ALEXIS,F
2010,ALEXIS,F
2010,ALEXIS,F
2010,ALEXIS,F
2010,ALEXIS,F
2010,ALEXIS,F
2010,ALEXIS,F
2010,ALEXIS,F
2010,ALEXIS,F
2010,ALEXIS,F
2010,ALEXIS,F
2010,ALEXIS,F
2010,ALEXIS,F
2010,ALEXIS,F
2010,ALEXIS,F
2010,ALEXIS,F
2010,ALEXIS,F
2010,ALEXIS,F
2010,ALEXIS,F
2010,ALEXIS,F
2010,ALEXIS,F
2010,ALEXIS,F
2010,ALEXIS,F
2010,ALEXIS,F
2010,ALEXIS,F
2010,ALEXIS,F
2010,ALEXIS,F
2010,ALEXIS,F
2010,ALEXIS,F
2010,ALEXIS,F
2010,ALEXIS,F
2010,ALEXIS,F
2010,ALEXIS,F
2010,ALEXIS,F
2010,ALEXIS,F
2010,ALEXIS,F
2010,ALEXIS,F
2010,ALEXIS,F
2010,ALEXIS,F
2010,ALEXIS,F
2010,ALEXIS,F
2010,ALEXIS,F
2010,ALEXIS,F
2010,ALEXIS,F
2010,ALEXIS,F
2010,ALEXIS,F
2010,ALEXIS,F
2010,ALEXIS,F
2010,ALEXIS,F
2010,ALEXIS,F
2010,ALEXIS,F
2010,ALEXIS,F
2010,ALEXIS,F
2010,ALEXIS,F
2010,ALEXIS,F
2010,ALEXIS,F
2010,ALEXIS,F
2010,ALEXIS,F
2010,ALEXIS,F
2010,ALEXIS,F
2010,ALEXIS,F
2010,ALEXIS,F
2010,ALEXIS,F
2010,ALEXIS,F
2010,ALEXIS,F
2010,ALEXIS,F
2010,ALEXIS,F
2010,ALEXIS,F
2010,ALEXIS,F
2010,ALEXIS,F
2010,ALEXIS,F
2010,ALEXIS,F
2010,ALEXIS,F
2010,ALEXIS,F
2010,ALEXIS,F
2010,ALEXIS,F
2010,ALEXIS,F
2010,ALEXIS,F
2010,ALEXIS,F
2010,ALEXIS,F
2010,ALEXIS,F
2010,ALEXIS,F
2010,ALEXIS,F
2010,ALEXIS,F
2010,ALEXIS,F
2010,ALEXIS,F
2010,ALEXIS,F
2010,ALEXIS,F
2010,ALEXIS,F
2010,ALEXIS,F
2010,ALEXIS,F
2010,ALEXIS,F
2010,ALEXIS,F
2010,ALEXIS,F
2010,ALEXIS,F
2010,ALEXIS,F
2010,ALEXIS,F
2010,ALEXIS,F
2010,ALEXIS,F
2010,ALEXIS,F
2010,ALEXIS,F
2010,ALEXIS,F
2010,ALEXIS,F
2010,ALEXIS,F
2010,ALEXIS,F
2010,ALEXIS,F
2010,ALEXIS,F
2010,ALEXIS,F
2010,ALEXIS,F
2010,ALEXIS,F
2010,ALEXIS,F
2010,ALEXIS,F
2010,ALEXIS,F
2010,ALEXIS,F
2010,ALEXIS,F
2010,ALEXIS,F
2010,ALEXIS,F
2010,ALEXIS,F
2010,ALEXIS,F
2010,ALEXIS,F
2010,ALEXIS,F
2010,ALEXIS,F
2010,ALEXIS,F
2010,ALEXIS,F
2010,ALEXIS,F
2010,ALEXIS,F
2010,ALEXIS,F
2010,ALEXIS,F
2010,ALEXIS,F
2010,ALEXIS,F
2010,ALEXIS,F
2010,ALEXIS,F
2010,ALEXIS,F
2010,ALEXIS,F
2010,ALEXIS,F
2010,ALEXIS,F
2010,ALEXIS,F
2010,ALEXIS,F
2010,ALEXIS,F
2010,ALEXIS,F
2010,ALEXIS,F
2010,ALEXIS,F
2010,ALEXIS,F
2010,ALEXIS,F
2010,ALEXIS,F
2010,ALEXIS,F
2010,ALEXIS,F
2010,ALEXIS,F
2010,ALEXIS,F
2010,ALEXIS,F
2010,ALEXIS,F
2010,ALEXIS,F
2010,ALEXIS,F
2010,ALEXIS,F
2010,ALEXIS,F
2010,ALEXIS,F
2010,ALEXIS,F
2010,ALEXIS,F
2010,ALEXIS,F
2010,ALEXIS,F
2010,ALEXIS,F
2010,ALEXIS,F
2010,ALEXIS,F
2010,ALEXIS,F
2010,ALEXIS,F
2010,ALEXIS,F
2010,ALEXIS,F
2010,ALEXIS,F
2010,ALEXIS,F
2010,ALEXIS,F
2010,ALEXIS,F
2010,ALEXIS,F
2010,ALEXIS,F
2010,ALEXIS,F
2010,ALEXIS,F
2010,ALEXIS,F
2010,ALEXIS,F
2010,ALEXIS,F
2010,ALEXIS,F
2010,ALEXIS,F
2010,ALEXIS,F
2010,ALEXIS,F
2010,ALEXIS,F
2010,ALEXIS,F
2010,ALEXIS,F
2010,ALEXIS,F
2010,ALEXIS,F
2010,ALEXIS,F
2010,ALEXIS,F
2010,ALEXIS,F
2010,ALEXIS,F
2010,ALEXIS,F
2010,ALEXIS,F
2010,ALEXIS,F
2010,ALEXIS,F
2010,ALEXIS,F
2010,ALEXIS,F
2010,ALEXIS,F
2010,ALEXIS,F
2010,ALEXIS,F
2010,ALEXIS,F
2010,ALEXIS,F
2010,ALEXIS,F
2010,ALEXIS,F
2010,ALEXIS,F
2010,ALEXIS,F
2010,ALEXIS,F
2011,ALEXIS,F
2011,ALEXIS,F
2011,ALEXIS,F
2011,ALEXIS,F
2011,ALEXIS,F
2011,ALEXIS,F
2011,ALEXIS,F
2011,ALEXIS,F
2011,ALEXIS,F
2011,ALEXIS,F
2011,ALEXIS,F
2011,ALEXIS,F
2011,ALEXIS,F
2011,ALEXIS,F
2011,ALEXIS,F
2011,ALEXIS,F
2011,ALEXIS,F
2011,ALEXIS,F
2011,ALEXIS,F
2011,ALEXIS,F
2011,ALEXIS,F
2011,ALEXIS,F
2011,ALEXIS,F
2011,ALEXIS,F
2011,ALEXIS,F
2011,ALEXIS,F
2011,ALEXIS,F
2011,ALEXIS,F
2011,ALEXIS,F
2011,ALEXIS,F
2011,ALEXIS,F
2011,ALEXIS,F
2011,ALEXIS,F
2011,ALEXIS,F
2011,ALEXIS,F
2011,ALEXIS,F
2011,ALEXIS,F
2011,ALEXIS,F
2011,ALEXIS,F
2011,ALEXIS,F
2011,ALEXIS,F
2011,ALEXIS,F
2011,ALEXIS,F
2011,ALEXIS,F
2011,ALEXIS,F
2011,ALEXIS,F
2011,ALEXIS,F
2011,ALEXIS,F
2011,ALEXIS,F
2011,ALEXIS,F
2011,ALEXIS,F
2011,ALEXIS,F
2011,ALEXIS,F
2011,ALEXIS,F
2011,ALEXIS,F
2011,ALEXIS,F
2011,ALEXIS,F
2011,ALEXIS,F
2011,ALEXIS,F
2011,ALEXIS,F
2011,ALEXIS,F
2011,ALEXIS,F
2011,ALEXIS,F
2011,ALEXIS,F
2011,ALEXIS,F
2011,ALEXIS,F
2011,ALEXIS,F
2011,ALEXIS,F
2011,ALEXIS,F
2011,ALEXIS,F
2011,ALEXIS,F
2011,ALEXIS,F
2011,ALEXIS,F
2011,ALEXIS,F
2011,ALEXIS,F
2011,ALEXIS,F
2011,ALEXIS,F
2011,ALEXIS,F
2011,ALEXIS,F
2011,ALEXIS,F
2011,ALEXIS,F
2011,ALEXIS,F
2011,ALEXIS,F
2011,ALEXIS,F
2011,ALEXIS,F
2011,ALEXIS,F
2011,ALEXIS,F
2011,ALEXIS,F
2011,ALEXIS,F
2011,ALEXIS,F
2011,ALEXIS,F
2011,ALEXIS,F
2011,ALEXIS,F
2011,ALEXIS,F
2011,ALEXIS,F
2011,ALEXIS,F
2011,ALEXIS,F
2011,ALEXIS,F
2011,ALEXIS,F
2011,ALEXIS,F
2011,ALEXIS,F
2011,ALEXIS,F
2011,ALEXIS,F
2011,ALEXIS,F
2011,ALEXIS,F
2011,ALEXIS,F
2011,ALEXIS,F
2011,ALEXIS,F
2011,ALEXIS,F
2011,ALEXIS,F
2011,ALEXIS,F
2011,ALEXIS,F
2011,ALEXIS,F
2011,ALEXIS,F
2011,ALEXIS,F
2011,ALEXIS,F
2011,ALEXIS,F
2011,ALEXIS,F
2011,ALEXIS,F
2011,ALEXIS,F
2011,ALEXIS,F
2011,ALEXIS,F
2011,ALEXIS,F
2011,ALEXIS,F
2011,ALEXIS,F
2011,ALEXIS,F
2011,ALEXIS,F
2011,ALEXIS,F
2011,ALEXIS,F
2011,ALEXIS,F
2011,ALEXIS,F
2011,ALEXIS,F
2011,ALEXIS,F
2011,ALEXIS,F
2011,ALEXIS,F
2011,ALEXIS,F
2011,ALEXIS,F
2011,ALEXIS,F
2011,ALEXIS,F
2011,ALEXIS,F
2011,ALEXIS,F
2011,ALEXIS,F
2011,ALEXIS,F
2011,ALEXIS,F
2011,ALEXIS,F
2011,ALEXIS,F
2011,ALEXIS,F
2011,ALEXIS,F
2011,ALEXIS,F
2011,ALEXIS,F
2011,ALEXIS,F
2011,ALEXIS,F
2011,ALEXIS,F
2011,ALEXIS,F
2011,ALEXIS,F
2011,ALEXIS,F
2011,ALEXIS,F
2011,ALEXIS,F
2011,ALEXIS,F
2011,ALEXIS,F
2011,ALEXIS,F
2011,ALEXIS,F
2011,ALEXIS,F
2011,ALEXIS,F
2011,ALEXIS,F
2011,ALEXIS,F
2011,ALEXIS,F
2011,ALEXIS,F
2011,ALEXIS,F
2011,ALEXIS,F
2011,ALEXIS,F
2011,ALEXIS,F
2011,ALEXIS,F
2011,ALEXIS,F
2011,ALEXIS,F
2011,ALEXIS,F
2011,ALEXIS,F
2011,ALEXIS,F
2011,ALEXIS,F
2011,ALEXIS,F
2011,ALEXIS,F
2011,ALEXIS,F
2011,ALEXIS,F
2011,ALEXIS,F
2011,ALEXIS,F
2011,ALEXIS,F
2011,ALEXIS,F
2011,ALEXIS,F
2011,ALEXIS,F
2011,ALEXIS,F
2011,ALEXIS,F
2011,ALEXIS,F
2011,ALEXIS,F
2011,ALEXIS,F
2011,ALEXIS,F
2011,ALEXIS,F
2011,ALEXIS,F
2011,ALEXIS,F
2011,ALEXIS,F
2011,ALEXIS,F
2011,ALEXIS,F
2011,ALEXIS,F
2011,ALEXIS,M
2011,ALEXIS,M
2011,ALEXIS,M
2011,ALEXIS,M
2011,ALEXIS,M
2011,ALEXIS,M
2011,ALEXIS,M
2011,ALEXIS,M
2011,ALEXIS,M
2011,ALEXIS,M
2011,ALEXIS,M
2011,ALEXIS,M
2011,ALEXIS,M
2011,ALEXIS,M
2011,ALEXIS,M
2011,ALEXIS,M
2011,ALEXIS,M
2011,ALEXIS,M
2011,ALEXIS,M
2011,ALEXIS,M
2011,ALEXIS,M
2011,ALEXIS,M
2011,ALEXIS,M
2011,ALEXIS,M
2011,ALEXIS,M
2011,ALEXIS,M
2011,ALEXIS,M
2011,ALEXIS,M
2011,ALEXIS,M
2011,ALEXIS,M
2011,ALEXIS,M
2011,ALEXIS,M
2011,ALEXIS,M
2011,ALEXIS,M
2011,ALEXIS,M
2011,ALEXIS,M
2011,ALEXIS,M
2011,ALEXIS,M
2011,ALEXIS,M
2011,ALEXIS,M
2011,ALEXIS,M
2011,ALEXIS,M
2011,ALEXIS,M
2011,ALEXIS,M
2011,ALEXIS,M
2011,ALEXIS,M
2011,ALEXIS,M
2011,ALEXIS,M
2011,ALEXIS,M
2011,ALEXIS,M
2011,ALEXIS,M
2011,ALEXIS,M
2011,ALEXIS,M
2011,ALEXIS,M
2011,ALEXIS,M
2011,ALEXIS,M
2011,ALEXIS,M
2011,ALEXIS,M
2011,ALEXIS,M
2011,ALEXIS,M
2011,ALEXIS,M
2012,ALEXIS,M
2012,ALEXIS,M
2012,ALEXIS,M
2012,ALEXIS,M
2012,ALEXIS,M
2012,ALEXIS,M
2012,ALEXIS,M
2012,ALEXIS,M
2012,ALEXIS,M
2012,ALEXIS,M
2012,ALEXIS,M
2012,ALEXIS,M
2012,ALEXIS,M
2012,ALEXIS,M
2012,ALEXIS,M
2012,ALEXIS,M
2012,ALEXIS,M
2012,ALEXIS,M
2012,ALEXIS,M
2012,ALEXIS,M
2012,ALEXIS,M
2012,ALEXIS,M
2012,ALEXIS,M
2012,ALEXIS,M
2012,ALEXIS,M
2012,ALEXIS,M
2012,ALEXIS,M
2012,ALEXIS,M
2012,ALEXIS,M
2012,ALEXIS,M
2012,ALEXIS,M
2012,ALEXIS,M
2012,ALEXIS,M
2012,ALEXIS,M
2012,ALEXIS,M
2012,ALEXIS,M
2012,ALEXIS,M
2012,ALEXIS,M
2012,ALEXIS,M
2012,ALEXIS,M
2012,ALEXIS,M
2012,ALEXIS,M
2012,ALEXIS,M
2012,ALEXIS,M
2012,ALEXIS,M
2012,ALEXIS,M
2012,ALEXIS,M
2012,ALEXIS,M
2012,ALEXIS,M
2012,ALEXIS,M
2012,ALEXIS,M
2012,ALEXIS,M
2012,ALEXIS,M
2012,ALEXIS,M
2012,ALEXIS,M
2012,ALEXIS,M
2012,ALEXIS,M
2012,ALEXIS,M
2012,ALEXIS,M
2012,ALEXIS,M
2012,ALEXIS,M
2012,ALEXIS,M
2012,ALEXIS,M
2012,ALEXIS,M
2012,ALEXIS,M
2012,ALEXIS,M
2012,ALEXIS,M
2012,ALEXIS,M
2012,ALEXIS,M
2012,ALEXIS,M
2012,ALEXIS,F
2012,ALEXIS,F
2012,ALEXIS,F
2012,ALEXIS,F
2012,ALEXIS,F
2012,ALEXIS,F
2012,ALEXIS,F
2012,ALEXIS,F
2012,ALEXIS,F
2012,ALEXIS,F
2012,ALEXIS,F
2012,ALEXIS,F
2012,ALEXIS,F
2012,ALEXIS,F
2012,ALEXIS,F
2012,ALEXIS,F
2012,ALEXIS,F
2012,ALEXIS,F
2012,ALEXIS,F
2012,ALEXIS,F
2012,ALEXIS,F
2012,ALEXIS,F
2012,ALEXIS,F
2012,ALEXIS,F
2012,ALEXIS,F
2012,ALEXIS,F
2012,ALEXIS,F
2012,ALEXIS,F
2012,ALEXIS,F
2012,ALEXIS,F
2012,ALEXIS,F
2012,ALEXIS,F
2012,ALEXIS,F
2012,ALEXIS,F
2012,ALEXIS,F
2012,ALEXIS,F
2012,ALEXIS,F
2012,ALEXIS,F
2012,ALEXIS,F
2012,ALEXIS,F
2012,ALEXIS,F
2012,ALEXIS,F
2012,ALEXIS,F
2012,ALEXIS,F
2012,ALEXIS,F
2012,ALEXIS,F
2012,ALEXIS,F
2012,ALEXIS,F
2012,ALEXIS,F
2012,ALEXIS,F
2012,ALEXIS,F
2012,ALEXIS,F
2012,ALEXIS,F
2012,ALEXIS,F
2012,ALEXIS,F
2012,ALEXIS,F
2012,ALEXIS,F
2012,ALEXIS,F
2012,ALEXIS,F
2012,ALEXIS,F
2012,ALEXIS,F
2012,ALEXIS,F
2012,ALEXIS,F
2012,ALEXIS,F
2012,ALEXIS,F
2012,ALEXIS,F
2012,ALEXIS,F
2012,ALEXIS,F
2012,ALEXIS,F
2012,ALEXIS,F
2012,ALEXIS,F
2012,ALEXIS,F
2012,ALEXIS,F
2012,ALEXIS,F
2012,ALEXIS,F
2012,ALEXIS,F
2012,ALEXIS,F
2012,ALEXIS,F
2012,ALEXIS,F
2012,ALEXIS,F
2012,ALEXIS,F
2012,ALEXIS,F
2012,ALEXIS,F
2012,ALEXIS,F
2012,ALEXIS,F
2012,ALEXIS,F
2012,ALEXIS,F
2012,ALEXIS,F
2012,ALEXIS,F
2012,ALEXIS,F
2012,ALEXIS,F
2012,ALEXIS,F
2012,ALEXIS,F
2012,ALEXIS,F
2012,ALEXIS,F
2012,ALEXIS,F
2012,ALEXIS,F
2012,ALEXIS,F
2012,ALEXIS,F
2012,ALEXIS,F
2012,ALEXIS,F
2012,ALEXIS,F
2012,ALEXIS,F
2012,ALEXIS,F
2012,ALEXIS,F
2012,ALEXIS,F
2012,ALEXIS,F
2012,ALEXIS,F
2012,ALEXIS,F
2012,ALEXIS,F
2012,ALEXIS,F
2012,ALEXIS,F
2012,ALEXIS,F
2012,ALEXIS,F
2012,ALEXIS,F
2012,ALEXIS,F
2012,ALEXIS,F
2012,ALEXIS,F
2012,ALEXIS,F
2007,AMARI,M
2007,AMARI,M
2007,AMARI,M
2007,AMARI,M
2007,AMARI,M
2007,AMARI,M
2007,AMARI,M
2007,AMARI,M
2007,AMARI,M
2007,AMARI,M
2007,AMARI,M
2007,AMARI,M
2007,AMARI,M
2007,AMARI,M
2007,AMARI,M
2007,AMARI,M
2007,AMARI,M
2007,AMARI,M
2007,AMARI,M
2007,AMARI,F
2007,AMARI,F
2007,AMARI,F
2007,AMARI,F
2007,AMARI,F
2008,AMARI,F
2008,AMARI,F
2008,AMARI,F
2008,AMARI,F
2008,AMARI,F
2008,AMARI,F
2008,AMARI,F
2008,AMARI,F
2008,AMARI,M
2008,AMARI,M
2008,AMARI,M
2008,AMARI,M
2008,AMARI,M
2008,AMARI,M
2008,AMARI,M
2008,AMARI,M
2008,AMARI,M
2008,AMARI,M
2008,AMARI,M
2008,AMARI,M
2008,AMARI,M
2008,AMARI,M
2008,AMARI,M
2008,AMARI,M
2008,AMARI,M
2008,AMARI,M
2008,AMARI,M
2008,AMARI,M
2008,AMARI,M
2008,AMARI,M
2008,AMARI,M
2008,AMARI,M
2008,AMARI,M
2008,AMARI,M
2008,AMARI,M
2008,AMARI,M
2008,AMARI,M
2008,AMARI,M
2008,AMARI,M
2008,AMARI,M
2008,AMARI,M
2008,AMARI,M
2008,AMARI,M
2008,AMARI,M
2008,AMARI,M
2008,AMARI,M
2008,AMARI,M
2008,AMARI,M
2008,AMARI,M
2008,AMARI,M
2008,AMARI,M
2008,AMARI,M
2008,AMARI,M
2008,AMARI,M
2009,AMARI,M
2009,AMARI,M
2009,AMARI,M
2009,AMARI,M
2009,AMARI,M
2009,AMARI,M
2009,AMARI,M
2009,AMARI,M
2009,AMARI,M
2009,AMARI,M
2009,AMARI,M
2009,AMARI,M
2009,AMARI,M
2009,AMARI,M
2009,AMARI,M
2009,AMARI,M
2009,AMARI,M
2009,AMARI,M
2009,AMARI,M
2009,AMARI,M
2009,AMARI,M
2009,AMARI,M
2009,AMARI,M
2009,AMARI,M
2009,AMARI,M
2009,AMARI,M
2009,AMARI,M
2009,AMARI,M
2009,AMARI,M
2009,AMARI,M
2009,AMARI,M
2009,AMARI,M
2009,AMARI,M
2009,AMARI,M
2009,AMARI,M
2009,AMARI,M
2009,AMARI,M
2009,AMARI,M
2009,AMARI,M
2009,AMARI,M
2009,AMARI,M
2009,AMARI,M
2009,AMARI,M
2009,AMARI,M
2009,AMARI,M
2009,AMARI,M
2009,AMARI,M
2009,AMARI,M
2009,AMARI,M
2009,AMARI,F
2009,AMARI,F
2009,AMARI,F
2009,AMARI,F
2009,AMARI,F
2012,AMARI,F
2012,AMARI,F
2012,AMARI,F
2012,AMARI,F
2012,AMARI,F
2012,AMARI,M
2012,AMARI,M
2012,AMARI,M
2012,AMARI,M
2012,AMARI,M
2012,AMARI,M
2012,AMARI,M
2012,AMARI,M
2012,AMARI,M
2012,AMARI,M
2012,AMARI,M
2012,AMARI,M
2012,AMARI,M
2012,AMARI,M
2012,AMARI,M
2012,AMARI,M
2012,AMARI,M
2012,AMARI,M
2012,AMARI,M
2012,AMARI,M
2012,AMARI,M
2012,AMARI,M
2012,AMARI,M
2012,AMARI,M
2012,AMARI,M
2012,AMARI,M
2012,AMARI,M
2012,AMARI,M
2012,AMARI,M
2012,AMARI,M
2012,AMARI,M
2012,AMARI,M
2012,AMARI,M
2012,AMARI,M
2012,AMARI,M
2012,AMARI,M
2012,AMARI,M
2012,AMARI,M
2008,SHEA,M
2008,SHEA,M
2008,SHEA,M
2008,SHEA,M
2008,SHEA,M
2008,SHEA,M
2008,SHEA,M
2008,SHEA,M
2008,SHEA,M
2008,SHEA,M
2008,SHEA,F
2008,SHEA,F
2008,SHEA,F
2008,SHEA,F
2008,SHEA,F
2008,SHEA,F
2008,SHEA,F
2008,SHILOH,M
2008,SHILOH,M
2008,SHILOH,M
2008,SHILOH,M
2008,SHILOH,M
2008,SHILOH,M
2008,SHILOH,M
2008,SHILOH,M
2008,SHILOH,M
2008,SHILOH,M
2008,SHILOH,M
2008,SHILOH,M
2008,SHILOH,F
2008,SHILOH,F
2008,SHILOH,F
2008,SHILOH,F
2008,SHILOH,F
2008,SHILOH,F
2008,SHILOH,F
2008,SHILOH,F
2008,SHILOH,F
2008,SHILOH,F
2008,SHILOH,F
2012,SKYLER,F
2012,SKYLER,F
2012,SKYLER,F
2012,SKYLER,F
2012,SKYLER,F
2012,SKYLER,F
2012,SKYLER,M
2012,SKYLER,M
2012,SKYLER,M
2012,SKYLER,M
2012,SKYLER,M
2007,TENZIN,F
2007,TENZIN,F
2007,TENZIN,F
2007,TENZIN,F
2007,TENZIN,F
2007,TENZIN,F
2007,TENZIN,F
2007,TENZIN,F
2007,TENZIN,F
2007,TENZIN,F
2007,TENZIN,F
2007,TENZIN,F
2007,TENZIN,F
2007,TENZIN,F
2007,TENZIN,M
2007,TENZIN,M
2007,TENZIN,M
2007,TENZIN,M
2007,TENZIN,M
2007,TENZIN,M
2007,TENZIN,M
2007,TENZIN,M
2007,TENZIN,M
2007,TENZIN,M
2007,TENZIN,M
2007,TENZIN,M
2008,TENZIN,F
2008,TENZIN,F
2008,TENZIN,F
2008,TENZIN,F
2008,TENZIN,F
2008,TENZIN,F
2008,TENZIN,F
2008,TENZIN,F
2008,TENZIN,F
2008,TENZIN,F
2008,TENZIN,F
2008,TENZIN,F
2008,TENZIN,F
2008,TENZIN,F
2008,TENZIN,F
2008,TENZIN,F
2008,TENZIN,F
2008,TENZIN,F
2008,TENZIN,F
2008,TENZIN,F
2008,TENZIN,M
2008,TENZIN,M
2008,TENZIN,M
2008,TENZIN,M
2008,TENZIN,M
2008,TENZIN,M
2008,TENZIN,M
2008,TENZIN,M
2008,TENZIN,M
2008,TENZIN,M
2008,TENZIN,M
2008,TENZIN,M
2008,TENZIN,M
2008,TENZIN,M
2008,TENZIN,M
2008,TENZIN,M
2008,TENZIN,M
2008,TENZIN,M
2008,TENZIN,M
2008,TENZIN,M
2008,TENZIN,M
2008,TENZIN,M
2008,TENZIN,M
2008,TENZIN,M
2009,TENZIN,M
2009,TENZIN,M
2009,TENZIN,M
2009,TENZIN,M
2009,TENZIN,M
2009,TENZIN,M
2009,TENZIN,M
2009,TENZIN,M
2009,TENZIN,M
2009,TENZIN,M
2009,TENZIN,M
2009,TENZIN,M
2009,TENZIN,M
2009,TENZIN,M
2009,TENZIN,M
2009,TENZIN,M
2009,TENZIN,M
2009,TENZIN,F
2009,TENZIN,F
2009,TENZIN,F
2009,TENZIN,F
2009,TENZIN,F
2009,TENZIN,F
2009,TENZIN,F
2009,TENZIN,F
2009,TENZIN,F
2009,TENZIN,F
2009,TENZIN,F
2009,TENZIN,F
2009,TENZIN,F
2009,TENZIN,F
2009,TENZIN,F
2009,TENZIN,F
2009,TENZIN,F
2009,TENZIN,F
2009,TENZIN,F
2009,TENZIN,F
2010,TENZIN,F
2010,TENZIN,F
2010,TENZIN,F
2010,TENZIN,F
2010,TENZIN,F
2010,TENZIN,F
2010,TENZIN,F
2010,TENZIN,F
2010,TENZIN,F
2010,TENZIN,F
2010,TENZIN,F
2010,TENZIN,F
2010,TENZIN,F
2010,TENZIN,F
2010,TENZIN,F
2010,TENZIN,F
2010,TENZIN,F
2010,TENZIN,F
2010,TENZIN,F
2010,TENZIN,M
2010,TENZIN,M
2010,TENZIN,M
2010,TENZIN,M
2010,TENZIN,M
2010,TENZIN,M
2010,TENZIN,M
2010,TENZIN,M
2010,TENZIN,M
2010,TENZIN,M
2010,TENZIN,M
2010,TENZIN,M
2010,TENZIN,M
2010,TENZIN,M
2010,TENZIN,M
2010,TENZIN,M
2010,TENZIN,M
2010,TENZIN,M
2010,TENZIN,M
2010,TENZIN,M
2010,TENZIN,M
2010,TENZIN,M
2010,TENZIN,M
2010,TENZIN,M
2010,TENZIN,M
2010,TENZIN,M
2011,TENZIN,M
2011,TENZIN,M
2011,TENZIN,M
2011,TENZIN,M
2011,TENZIN,M
2011,TENZIN,M
2011,TENZIN,M
2011,TENZIN,M
2011,TENZIN,M
2011,TENZIN,M
2011,TENZIN,M
2011,TENZIN,M
2011,TENZIN,M
2011,TENZIN,M
2011,TENZIN,M
2011,TENZIN,M
2011,TENZIN,M
2011,TENZIN,M
2011,TENZIN,M
2011,TENZIN,M
2011,TENZIN,M
2011,TENZIN,M
2011,TENZIN,M
2011,TENZIN,F
2011,TENZIN,F
2011,TENZIN,F
2011,TENZIN,F
2011,TENZIN,F
2011,TENZIN,F
2011,TENZIN,F
2011,TENZIN,F
2011,TENZIN,F
2011,TENZIN,F
2011,TENZIN,F
2011,TENZIN,F
2011,TENZIN,F
2011,TENZIN,F
2011,TENZIN,F
2011,TENZIN,F
2011,TENZIN,F
2011,TENZIN,F
2011,TENZIN,F
2011,TENZIN,F
2011,TENZIN,F
2011,TENZIN,F
2011,TENZIN,F
2011,TENZIN,F
2011,TENZIN,F
2012,TENZIN,F
2012,TENZIN,F
2012,TENZIN,F
2012,TENZIN,F
2012,TENZIN,F
2012,TENZIN,F
2012,TENZIN,F
2012,TENZIN,F
2012,TENZIN,F
2012,TENZIN,F
2012,TENZIN,F
2012,TENZIN,F
2012,TENZIN,F
2012,TENZIN,F
2012,TENZIN,F
2012,TENZIN,F
2012,TENZIN,F
2012,TENZIN,F
2012,TENZIN,F
2012,TENZIN,F
2012,TENZIN,F
2012,TENZIN,F
2012,TENZIN,F
2012,TENZIN,F
2012,TENZIN,F
2012,TENZIN,M
2012,TENZIN,M
2012,TENZIN,M
2012,TENZIN,M
2012,TENZIN,M
2012,TENZIN,M
2012,TENZIN,M
2012,TENZIN,M
2012,TENZIN,M
2012,TENZIN,M
2012,TENZIN,M
2012,TENZIN,M
2012,TENZIN,M
2012,TENZIN,M
2012,TENZIN,M
2012,TENZIN,M
2012,TENZIN,M
2012,TENZIN,M
2012,TENZIN,M
2012,TENZIN,M
2012,TENZIN,M
2012,TENZIN,M
2012,TENZIN,M
2012,TENZIN,M
2012,TENZIN,M
2012,TENZIN,M
2012,TENZIN,M
2012,TENZIN,M
2012,TENZIN,M
2007,CASEY,M
2007,CASEY,M
2007,CASEY,M
2007,CASEY,M
2007,CASEY,M
2007,CASEY,M
2007,CASEY,M
2007,CASEY,F
2007,CASEY,F
2007,CASEY,F
2007,CASEY,F
2007,CASEY,F
2007,CASEY,F
2007,CASEY,F
2007,CASEY,F
2007,CASEY,F
2007,CASEY,F
2007,CASEY,F
2007,CASEY,F
2007,CASEY,F
2007,CASEY,F
2007,CASEY,F
2007,CASEY,F
2007,CASEY,F
2007,CASEY,F
2008,CASEY,F
2008,CASEY,F
2008,CASEY,F
2008,CASEY,F
2008,CASEY,F
2008,CASEY,F
2008,CASEY,F
2008,CASEY,F
2008,CASEY,F
2008,CASEY,F
2008,CASEY,F
2008,CASEY,F
2008,CASEY,F
2008,CASEY,F
2008,CASEY,F
2008,CASEY,F
2008,CASEY,F
2008,CASEY,F
2008,CASEY,F
2008,CASEY,F
2008,CASEY,F
2008,CASEY,F
2008,CASEY,F
2008,CASEY,F
2008,CASEY,F
2008,CASEY,F
2008,CASEY,F
2008,CASEY,M
2008,CASEY,M
2008,CASEY,M
2008,CASEY,M
2008,CASEY,M
2008,CASEY,M
2008,CASEY,M
2008,CASEY,M
2009,CASEY,M
2009,CASEY,M
2009,CASEY,M
2009,CASEY,M
2009,CASEY,M
2009,CASEY,M
2009,CASEY,F
2009,CASEY,F
2009,CASEY,F
2009,CASEY,F
2009,CASEY,F
2009,CASEY,F
2009,CASEY,F
2009,CASEY,F
2009,CASEY,F
2009,CASEY,F
2009,CASEY,F
2009,CASEY,F
2009,CASEY,F
2009,CASEY,F
2009,CASEY,F
2009,CASEY,F
2009,CASEY,F
2009,CASEY,F
2009,CASEY,F
2009,CASEY,F
2009,CASEY,F
2009,CASEY,F
2009,CASEY,F
2010,CASEY,M
2010,CASEY,M
2010,CASEY,M
2010,CASEY,M
2010,CASEY,M
2010,CASEY,M
2010,CASEY,M
2010,CASEY,M
2010,CASEY,M
2010,CASEY,M
2010,CASEY,F
2010,CASEY,F
2010,CASEY,F
2010,CASEY,F
2010,CASEY,F
2010,CASEY,F
2010,CASEY,F
2010,CASEY,F
2010,CASEY,F
2010,CASEY,F
2010,CASEY,F
2010,CASEY,F
2011,CASEY,M
2011,CASEY,M
2011,CASEY,M
2011,CASEY,M
2011,CASEY,M
2011,CASEY,M
2011,CASEY,M
2011,CASEY,M
2011,CASEY,M
2011,CASEY,M
2011,CASEY,M
2011,CASEY,F
2011,CASEY,F
2011,CASEY,F
2011,CASEY,F
2011,CASEY,F
2011,CASEY,F
2011,CASEY,F
2011,CASEY,F
2011,CASEY,F
2011,CASEY,F
2011,CASEY,F
2011,CASEY,F
2011,CASEY,F
2012,CASEY,M
2012,CASEY,M
2012,CASEY,M
2012,CASEY,M
2012,CASEY,M
2012,CASEY,M
2012,CASEY,F
2012,CASEY,F
2012,CASEY,F
2012,CASEY,F
2012,CASEY,F
2012,CASEY,F
2012,CASEY,F
2012,CASEY,F
2012,CASEY,F
2012,CASEY,F
2012,CASEY,F
2012,CASEY,F
2012,CASEY,F
2012,CASEY,F
